ID,Alloy_Type,Fe_wt%,Cr_wt%,C_wt%,Mn_wt%,Ni_wt%,Mo_wt%,Si_wt%,Heat_Treatment,Heat_Treat_Temp_C,Heat_Treat_Time_h,Testing_Temp_C,Grain_Size_um,YS_MPa,Modulus_GPa,UTS_MPa,Elongation_%,Strain_Rate_s-1,Hardness_HV,Ferrite_Vol_%,Martensite_Vol_%,Source
1.0,Ferritic,82.5,17.2,0.02,0.45,0.3,0.1,0.6,Annealed,780,2.0,25,45.0,320.0,200.0,470.0,22.0,0.001,170.0,95.0,0.0,Grok
2.0,Ferritic,81.9,18.0,0.03,0.6,0.2,0.19,0.5,Annealed,800,1.5,25,38.0,340.0,198.0,490.0,20.0,0.001,175.0,92.0,0.0,Grok
3.0,Ferritic,83.1,16.5,0.01,0.3,0.1,0.05,0.4,Annealed,760,3.0,25,52.0,300.0,205.0,450.0,24.0,0.0005,165.0,97.0,0.0,Grok
4.0,Ferritic,82.0,17.8,0.02,0.55,0.4,0.2,0.7,Annealed,790,2.5,100,48.0,315.0,202.0,465.0,21.0,0.001,168.0,94.0,0.0,Grok
5.0,Ferritic,81.4,18.4,0.04,0.7,0.2,0.15,0.6,Annealed,820,1.0,25,35.0,360.0,197.0,510.0,18.0,0.01,180.0,90.0,0.0,Grok
6.0,Ferritic,82.8,16.9,0.02,0.4,0.1,0.19,0.5,Annealed,770,2.0,25,60.0,290.0,210.0,430.0,26.0,0.0001,160.0,98.0,0.0,Grok
7.0,Ferritic,83.0,16.7,0.17,0.35,0.2,0.05,0.4,Annealed,750,3.0,25,55.0,280.0,203.0,420.0,25.0,0.001,158.0,96.0,0.0,Grok
8.0,Ferritic,82.2,17.5,0.02,0.5,0.3,0.1,0.6,Annealed,780,1.5,25,42.0,325.0,199.0,475.0,23.0,0.001,172.0,93.0,0.0,Grok
9.0,Ferritic,81.7,18.1,0.03,0.65,0.2,0.12,0.7,Annealed,810,1.5,200,40.0,350.0,196.0,500.0,19.0,0.01,178.0,91.0,0.0,Grok
10.0,Ferritic,82.9,16.8,0.01,0.3,0.1,0.19,0.3,Annealed,760,2.0,25,33.0,295.0,204.0,435.0,27.0,0.0005,162.0,99.0,0.0,Grok
11.0,Martensitic,78.5,12.5,0.28,0.6,0.4,0.3,0.5,Quenched+Tempered,1050,1.0,25,18.0,820.0,205.0,1050.0,12.0,0.001,487.0,0.0,90.0,Grok
12.0,Martensitic,77.9,13.2,0.35,0.75,0.5,0.4,0.6,Quenched+Tempered,1020,1.5,25,15.0,880.0,200.0,1120.0,10.0,0.001,505.0,0.0,88.0,Grok
13.0,Martensitic,79.2,12.0,0.22,0.55,0.3,0.2,0.4,Quenched+Tempered,1040,2.0,25,22.0,760.0,210.0,980.0,14.0,0.0005,469.0,0.0,92.0,Grok
14.0,Martensitic,78.0,13.5,0.4,0.8,0.6,0.5,0.7,Quenched+Tempered,1000,1.0,25,12.0,920.0,198.0,1180.0,8.0,0.01,523.0,0.0,85.0,Grok
15.0,Martensitic,79.0,12.8,0.3,0.65,0.4,0.19,0.5,Quenched+Tempered,1030,1.5,100,20.0,800.0,202.0,1020.0,11.0,0.001,478.0,0.0,90.0,Grok
16.0,Martensitic,78.8,12.6,0.26,0.6,0.3,0.25,0.4,Quenched+Tempered,1060,2.0,25,25.0,740.0,206.0,960.0,15.0,0.0005,460.0,0.0,93.0,Grok
17.0,Martensitic,77.5,13.8,0.42,0.9,0.7,0.6,0.8,Quenched+Tempered,980,1.0,25,10.0,980.0,195.0,1250.0,6.0,0.01,541.0,0.0,82.0,Grok
18.0,Martensitic,78.2,13.1,0.33,0.7,0.5,0.35,0.6,Quenched+Tempered,1010,1.5,25,16.0,860.0,201.0,1090.0,9.0,0.001,496.0,0.0,89.0,Grok
19.0,Martensitic,79.4,11.9,0.2,0.5,0.2,0.15,0.3,Quenched+Tempered,1070,2.0,25,28.0,700.0,208.0,900.0,18.0,0.0001,433.0,0.0,95.0,Grok
20.0,Martensitic,78.6,12.9,0.29,0.65,0.4,0.3,0.5,Quenched+Tempered,1040,1.5,-50,21.0,790.0,203.0,1010.0,18.0,0.001,469.0,0.0,91.0,Grok
21.0,Ferritic,82.3,17.4,0.02,0.48,0.3,0.1,0.5,Annealed,790,2.0,25,46.0,318.0,201.0,468.0,22.0,0.001,169.0,94.0,0.0,Grok
22.0,Ferritic,81.6,18.2,0.03,0.62,0.2,0.14,0.6,Annealed,815,1.5,25,39.0,345.0,197.0,495.0,19.0,0.01,176.0,91.0,0.0,Grok
23.0,Ferritic,83.0,16.6,0.01,0.28,0.1,0.19,0.4,Annealed,755,3.0,25,58.0,285.0,204.0,425.0,26.0,0.0005,160.0,98.0,0.0,Grok
24.0,Ferritic,82.1,17.7,0.02,0.52,0.3,0.1,0.6,Annealed,785,2.5,150,44.0,322.0,199.0,472.0,21.0,0.001,171.0,93.0,0.0,Grok
25.0,Ferritic,81.8,18.0,0.04,0.68,0.2,0.16,0.7,Annealed,825,1.0,25,34.0,365.0,196.0,515.0,17.0,0.01,182.0,90.0,0.0,Grok
26.0,Martensitic,78.9,12.7,0.27,0.62,0.4,0.28,0.5,Quenched+Tempered,1050,1.5,25,19.0,810.0,204.0,1040.0,13.0,0.001,487.0,0.0,90.0,Grok
27.0,Martensitic,77.8,13.4,0.38,0.78,0.6,0.45,0.7,Quenched+Tempered,995,1.0,25,14.0,900.0,198.0,1160.0,9.0,0.01,514.0,0.0,86.0,Grok
28.0,Martensitic,79.1,12.3,0.24,0.58,0.3,0.2,0.4,Quenched+Tempered,1060,2.0,25,26.0,730.0,207.0,940.0,16.0,0.0005,451.0,0.0,94.0,Grok
29.0,Martensitic,78.4,13.0,0.31,0.68,0.5,0.32,0.6,Quenched+Tempered,1025,1.5,200,17.0,845.0,202.0,1080.0,10.0,0.001,496.0,0.0,89.0,Grok
30.0,Martensitic,79.3,11.8,0.21,0.48,0.2,0.12,0.3,Quenched+Tempered,1080,2.0,25,30.0,690.0,209.0,890.0,19.0,0.0001,424.0,0.0,96.0,Grok
31.0,Ferritic,82.6,17.1,0.02,0.44,0.3,0.1,0.5,Annealed,775,2.0,25,47.0,310.0,202.0,460.0,23.0,0.001,168.0,95.0,0.0,Grok
32.0,Ferritic,81.5,18.3,0.03,0.66,0.2,0.15,0.6,Annealed,820,1.5,25,37.0,335.0,198.0,485.0,20.0,0.01,174.0,92.0,0.0,Grok
33.0,Ferritic,83.2,16.4,0.01,0.26,0.1,0.19,0.4,Annealed,750,3.0,25,62.0,275.0,205.0,415.0,27.0,0.0005,158.0,99.0,0.0,Grok
34.0,Ferritic,82.0,17.9,0.02,0.54,0.3,0.1,0.6,Annealed,790,2.5,100,43.0,320.0,200.0,470.0,22.0,0.001,170.0,94.0,0.0,Grok
35.0,Ferritic,81.9,18.1,0.04,0.72,0.2,0.18,0.7,Annealed,830,1.0,25,33.0,370.0,195.0,520.0,16.0,0.01,185.0,89.0,0.0,Grok
36.0,Martensitic,78.7,12.8,0.29,0.64,0.4,0.3,0.5,Quenched+Tempered,1045,1.5,25,20.0,805.0,203.0,1035.0,12.0,0.001,487.0,0.0,90.0,Grok
37.0,Martensitic,77.6,13.7,0.41,0.82,0.6,0.55,0.8,Quenched+Tempered,990,1.0,25,11.0,950.0,197.0,1220.0,7.0,0.01,532.0,0.0,84.0,Grok
38.0,Martensitic,79.0,12.4,0.25,0.59,0.3,0.22,0.4,Quenched+Tempered,1070,2.0,25,27.0,720.0,208.0,930.0,17.0,0.0005,451.0,0.0,94.0,Grok
39.0,Martensitic,78.3,13.1,0.34,0.71,0.5,0.36,0.6,Quenched+Tempered,1015,1.5,150,16.0,855.0,201.0,1095.0,9.0,0.001,496.0,0.0,88.0,Grok
40.0,Martensitic,79.5,11.7,0.19,0.46,0.2,0.1,0.3,Quenched+Tempered,1090,2.0,25,32.0,680.0,210.0,880.0,20.0,0.0001,415.0,0.0,97.0,Grok
41.0,Ferritic,82.4,17.3,0.02,0.47,0.3,0.1,0.5,Annealed,780,2.0,25,46.0,315.0,201.0,465.0,22.0,0.001,169.0,95.0,0.0,Grok
42.0,Ferritic,81.6,18.2,0.03,0.64,0.2,0.14,0.6,Annealed,815,1.5,25,38.0,340.0,197.0,490.0,19.0,0.01,176.0,91.0,0.0,Grok
43.0,Ferritic,83.1,16.5,0.01,0.27,0.1,0.19,0.4,Annealed,755,3.0,25,59.0,280.0,204.0,420.0,26.0,0.0005,159.0,98.0,0.0,Grok
44.0,Ferritic,82.1,17.8,0.02,0.53,0.3,0.1,0.6,Annealed,790,2.5,100,44.0,318.0,200.0,468.0,21.0,0.001,170.0,94.0,0.0,Grok
45.0,Ferritic,81.8,18.0,0.04,0.7,0.2,0.17,0.7,Annealed,825,1.0,25,34.0,368.0,196.0,518.0,17.0,0.01,183.0,90.0,0.0,Grok
46.0,Martensitic,78.8,12.7,0.28,0.63,0.4,0.29,0.5,Quenched+Tempered,1050,1.5,25,19.0,810.0,204.0,1045.0,12.0,0.001,487.0,0.0,90.0,Grok
47.0,Martensitic,77.7,13.6,0.39,0.8,0.6,0.5,0.8,Quenched+Tempered,995,1.0,25,13.0,930.0,198.0,1190.0,8.0,0.01,523.0,0.0,85.0,Grok
48.0,Martensitic,79.1,12.2,0.23,0.57,0.3,0.21,0.4,Quenched+Tempered,1075,2.0,25,28.0,710.0,208.0,925.0,17.0,0.0005,442.0,0.0,95.0,Grok
49.0,Martensitic,78.5,13.0,0.32,0.69,0.5,0.34,0.6,Quenched+Tempered,1020,1.5,200,17.0,850.0,201.0,1100.0,9.0,0.001,496.0,0.0,89.0,Grok
50.0,Martensitic,79.6,11.6,0.18,0.45,0.2,0.1,0.3,Quenched+Tempered,1100,2.0,25,33.0,670.0,211.0,870.0,21.0,0.0001,406.0,0.0,97.0,Grok
51.0,Ferritic,82.7,17.0,0.02,0.46,0.3,0.1,0.5,Annealed,780,2.0,25,45.0,318.0,201.0,468.0,22.0,0.001,169.0,95.0,0.0,Grok
52.0,Ferritic,81.5,18.4,0.03,0.67,0.2,0.15,0.6,Annealed,820,1.5,25,36.0,342.0,197.0,492.0,19.0,0.01,176.0,91.0,0.0,Grok
53.0,Ferritic,83.0,16.6,0.01,0.25,0.1,0.19,0.4,Annealed,750,3.0,25,61.0,278.0,205.0,418.0,27.0,0.0005,158.0,99.0,0.0,Grok
54.0,Ferritic,82.2,17.7,0.02,0.51,0.3,0.1,0.6,Annealed,790,2.5,100,43.0,320.0,200.0,470.0,21.0,0.001,170.0,94.0,0.0,Grok
55.0,Ferritic,81.9,18.1,0.04,0.71,0.2,0.18,0.7,Annealed,830,1.0,25,33.0,372.0,195.0,522.0,16.0,0.01,186.0,89.0,0.0,Grok
56.0,Martensitic,78.9,12.6,0.27,0.61,0.4,0.28,0.5,Quenched+Tempered,1050,1.5,25,20.0,808.0,203.0,1040.0,12.0,0.001,487.0,0.0,90.0,Grok
57.0,Martensitic,77.6,13.8,0.42,0.83,0.6,0.58,0.8,Quenched+Tempered,990,1.0,25,11.0,960.0,196.0,1230.0,7.0,0.01,532.0,0.0,83.0,Grok
58.0,Martensitic,79.2,12.1,0.22,0.56,0.3,0.2,0.4,Quenched+Tempered,1080,2.0,25,29.0,705.0,209.0,920.0,18.0,0.0005,442.0,0.0,95.0,Grok
59.0,Martensitic,78.4,13.2,0.35,0.72,0.5,0.38,0.6,Quenched+Tempered,1010,1.5,150,15.0,865.0,201.0,1110.0,9.0,0.001,505.0,0.0,87.0,Grok
60.0,Martensitic,79.7,11.5,0.17,0.44,0.2,0.1,0.3,Quenched+Tempered,1110,2.0,25,34.0,660.0,212.0,860.0,22.0,0.0001,397.0,0.0,98.0,Grok
61.0,Ferritic,82.5,17.2,0.02,0.45,0.3,0.1,0.6,Annealed,780,2.0,25,45.0,320.0,200.0,470.0,22.0,0.001,170.0,95.0,0.0,Grok
62.0,Ferritic,81.9,18.0,0.03,0.6,0.2,0.19,0.5,Annealed,800,1.5,25,38.0,340.0,198.0,490.0,20.0,0.001,175.0,92.0,0.0,Grok
63.0,Ferritic,83.1,16.5,0.01,0.3,0.1,0.05,0.4,Annealed,760,3.0,25,52.0,300.0,205.0,450.0,24.0,0.0005,165.0,97.0,0.0,Grok
64.0,Ferritic,82.0,17.8,0.02,0.55,0.4,0.2,0.7,Annealed,790,2.5,100,48.0,315.0,202.0,465.0,21.0,0.001,168.0,94.0,0.0,Grok
65.0,Ferritic,81.4,18.4,0.04,0.7,0.2,0.15,0.6,Annealed,820,1.0,25,35.0,360.0,197.0,510.0,18.0,0.01,180.0,90.0,0.0,Grok
66.0,Martensitic,78.5,12.5,0.28,0.6,0.4,0.3,0.5,Quenched+Tempered,1050,1.0,25,18.0,820.0,205.0,1050.0,12.0,0.001,487.0,0.0,90.0,Grok
67.0,Martensitic,77.9,13.2,0.35,0.75,0.5,0.4,0.6,Quenched+Tempered,1020,1.5,25,15.0,880.0,200.0,1120.0,10.0,0.001,505.0,0.0,88.0,Grok
68.0,Martensitic,79.2,12.0,0.22,0.55,0.3,0.2,0.4,Quenched+Tempered,1040,2.0,25,22.0,760.0,210.0,980.0,14.0,0.0005,469.0,0.0,92.0,Grok
69.0,Martensitic,78.0,13.5,0.4,0.8,0.6,0.5,0.7,Quenched+Tempered,1000,1.0,25,12.0,920.0,198.0,1180.0,8.0,0.01,523.0,0.0,85.0,Grok
70.0,Martensitic,79.0,12.8,0.3,0.65,0.4,0.19,0.5,Quenched+Tempered,1030,1.5,100,20.0,800.0,202.0,1020.0,11.0,0.001,478.0,0.0,90.0,Grok
