ID,Alloy_Type,C_wt%,Cr_wt%,Mn_wt%,Ni_wt%,Mo_wt%,Fe_wt%,Heat_Treat_Temp_C,Heat_Treat_Time_h,Test_Temp_C,Grain_Size_um,Ferrite_Vol_%,Martensite_Vol_%,YS_MPa,UTS_MPa,Modulus_GPa,Elongation_%,Strain_Rate_s-1,Hardness_HV,Source
1.0,Ferritic,0.02,11.5,0.4,0.1,0.0,87.98,800.0,2.0,25,25.0,100.0,0.0,280.0,450.0,200.0,25.0,0.001,145.0,Gemini
2.0,Martensitic,0.15,12.0,0.5,0.2,0.0,87.15,980.0,1.0,25,10.0,5.0,95.0,750.0,950.0,205.0,12.0,0.001,460.0,Gemini
3.0,Ferritic,0.05,16.2,0.45,0.15,0.0,83.15,830.0,1.5,25,30.0,100.0,0.0,310.0,520.0,200.0,22.0,0.0005,160.0,Gemini
4.0,Martensitic,0.32,13.5,0.6,0.2,0.1,85.28,1020.0,0.5,25,8.0,0.0,100.0,1100.0,1450.0,210.0,8.0,0.001,523.0,Gemini
5.0,Ferritic,0.015,10.8,0.3,0.1,0.0,88.785,780.0,4.0,25,45.0,100.0,0.0,462.5,400.0,195.0,30.0,0.001,130.0,Gemini
6.0,Martensitic,0.2,12.5,0.5,0.3,0.0,86.5,1000.0,1.5,25,12.0,2.0,98.0,850.0,1100.0,200.0,10.0,0.005,487.0,Gemini
7.0,Ferritic,0.06,17.0,0.8,0.4,1.0,80.74000000000001,850.0,2.0,25,22.0,98.0,2.0,340.0,560.0,205.0,20.0,0.001,343.0,Gemini
8.0,Martensitic,0.12,11.8,0.4,0.2,0.0,87.48,910.0,1.0,25,20.0,10.0,90.0,600.0,800.0,200.0,15.0,0.01,370.0,Gemini
9.0,Ferritic,0.12,18.5,0.5,0.1,2.0,78.78,900.0,1.0,100,28.0,100.0,0.0,290.0,500.0,190.0,24.0,0.001,170.0,Gemini
10.0,Martensitic,0.25,13.0,0.5,0.2,0.0,86.05,990.0,2.0,25,9.0,0.0,100.0,950.0,1200.0,208.0,18.0,0.001,505.0,Gemini
11.0,Ferritic,0.03,14.0,0.4,0.1,0.0,85.47,820.0,3.0,25,35.0,100.0,0.0,300.0,480.0,200.0,28.0,0.0001,155.0,Gemini
12.0,Martensitic,0.18,12.2,0.5,0.1,0.0,87.02,970.0,1.5,300,20.0,8.0,92.0,650.0,850.0,180.0,18.0,0.001,415.0,Gemini
13.0,Ferritic,0.04,15.5,0.6,0.3,0.5,83.06,840.0,2.0,25,26.0,100.0,0.0,320.0,530.0,202.0,23.0,0.001,165.0,Gemini
14.0,Martensitic,0.28,13.2,0.5,0.2,0.1,85.72,1010.0,1.0,25,7.0,0.0,100.0,1050.0,1350.0,209.0,7.0,0.001,514.0,Gemini
15.0,Ferritic,0.02,12.0,0.3,0.1,0.0,87.58,790.0,3.0,25,40.0,100.0,46.0,290.0,460.0,198.0,27.0,0.002,140.0,Gemini
16.0,Martensitic,0.16,12.1,0.5,0.2,0.0,87.04,980.0,1.0,25,11.0,6.0,94.0,462.5,900.0,206.0,13.0,0.001,469.0,Gemini
17.0,Ferritic,0.07,17.5,0.9,0.5,1.2,79.83,860.0,2.0,25,20.0,97.0,3.0,360.0,580.0,204.0,19.0,0.001,190.0,Gemini
18.0,Martensitic,0.13,11.9,0.4,0.2,0.0,87.37,950.0,1.5,25,14.0,12.0,88.0,620.0,820.0,201.0,16.0,0.001,343.0,Gemini
19.0,Ferritic,0.035,18.0,0.5,0.1,1.8,79.565,890.0,1.5,200,30.0,100.0,0.0,260.0,450.0,185.0,26.0,0.001,160.0,Gemini
20.0,Martensitic,0.22,12.8,0.5,0.3,0.0,86.17999999999999,1000.0,1.5,25,10.0,3.0,97.0,900.0,1150.0,207.0,11.0,0.005,496.0,Gemini
21.0,Ferritic,0.12,13.5,0.4,0.1,0.0,85.88,810.0,2.5,25,20.0,100.0,0.0,305.0,490.0,200.0,25.0,0.001,150.0,Gemini
22.0,Martensitic,0.19,12.3,0.5,0.2,0.0,86.81,975.0,1.0,25,12.0,5.0,95.0,780.0,980.0,205.0,14.0,0.001,442.0,Gemini
23.0,Ferritic,0.05,16.0,0.7,0.2,0.0,83.05,835.0,2.0,25,28.0,99.0,1.0,330.0,540.0,202.0,21.0,0.001,170.0,Gemini
24.0,Martensitic,0.3,13.3,0.6,0.2,0.1,85.5,1015.0,1.0,25,7.5,0.0,100.0,462.5,1400.0,210.0,6.0,0.001,532.0,Gemini
25.0,Ferritic,0.02,11.2,0.3,0.1,0.0,88.38,790.0,3.5,25,42.0,12.0,0.0,285.0,455.0,199.0,29.0,0.001,135.0,Gemini
26.0,Martensitic,0.17,12.1,0.5,0.2,0.0,87.03,985.0,1.0,25,11.5,7.0,93.0,700.0,920.0,206.0,12.5,0.001,478.0,Gemini
27.0,Ferritic,0.08,17.8,0.9,0.5,1.1,79.62,870.0,1.5,25,19.0,96.0,4.0,370.0,600.0,205.0,18.0,0.001,195.0,Gemini
28.0,Martensitic,0.14,12.0,0.4,0.2,0.0,87.26,960.0,1.5,25,13.0,11.0,89.0,640.0,840.0,202.0,15.5,0.001,397.0,Gemini
29.0,Ferritic,0.03,19.0,0.5,0.1,1.9,78.47,910.0,1.0,400,32.0,100.0,0.0,240.0,400.0,175.0,28.0,0.001,150.0,Gemini
30.0,Martensitic,0.12,12.9,0.5,0.3,0.0,86.18,1000.0,1.5,25,10.0,2.0,98.0,880.0,1120.0,208.0,10.5,0.01,487.0,Gemini
31.0,Ferritic,0.03,14.5,0.4,0.1,0.0,84.97,820.0,2.5,25,33.0,100.0,0.0,315.0,500.0,200.0,24.0,0.001,160.0,Gemini
32.0,Martensitic,0.2,12.4,0.5,0.2,0.0,86.7,980.0,1.0,25,20.0,4.0,96.0,820.0,1050.0,205.0,11.5,0.002,460.0,Gemini
33.0,Ferritic,0.045,15.8,0.6,0.3,0.4,82.855,840.0,2.0,25,27.0,100.0,0.0,325.0,535.0,202.0,22.0,0.001,168.0,Gemini
34.0,Martensitic,0.27,13.1,0.6,0.2,0.1,85.73,1010.0,1.0,25,7.0,0.0,100.0,1000.0,1300.0,209.0,7.5,0.001,505.0,Gemini
35.0,Ferritic,0.02,11.8,0.3,0.1,0.0,87.78,800.0,3.0,25,38.0,100.0,0.0,295.0,470.0,198.0,26.0,0.001,145.0,Gemini
36.0,Martensitic,0.16,12.2,0.5,0.2,0.0,86.94,980.0,1.0,25,10.5,6.0,94.0,760.0,960.0,206.0,12.0,0.001,469.0,Gemini
37.0,Ferritic,0.07,17.2,0.8,0.5,1.0,80.43,910.0,2.0,25,21.0,97.0,3.0,350.0,570.0,204.0,19.5,0.001,185.0,Gemini
38.0,Martensitic,0.13,12.0,0.4,0.2,0.0,87.27,950.0,1.5,25,13.5,12.0,46.0,610.0,810.0,201.0,16.0,0.001,379.0,Gemini
39.0,Ferritic,0.04,18.2,0.5,0.1,1.5,79.66,900.0,1.0,25,29.0,100.0,0.0,340.0,550.0,203.0,23.0,0.001,175.0,Gemini
40.0,Martensitic,0.23,12.7,0.5,0.3,0.0,86.27,1000.0,1.5,25,9.5,3.0,97.0,920.0,1180.0,202.0,10.0,0.005,496.0,Gemini
41.0,Ferritic,0.02,11.6,0.4,0.1,0.0,87.88,805.0,2.0,25,41.0,100.0,0.0,282.0,455.0,200.0,29.5,0.001,138.0,Gemini
42.0,Martensitic,0.12,12.0,0.5,0.2,0.0,87.18,980.0,1.0,25,10.2,5.0,95.0,740.0,940.0,205.0,12.2,0.001,451.0,Gemini
43.0,Ferritic,0.05,16.5,0.5,0.2,0.0,82.75,830.0,2.5,25,29.0,100.0,0.0,312.0,525.0,200.0,21.5,0.0005,162.0,Gemini
44.0,Martensitic,0.31,13.4,0.6,0.2,0.1,85.39,1020.0,0.5,25,7.8,0.0,100.0,1080.0,1420.0,210.0,8.2,0.001,523.0,Gemini
45.0,Ferritic,0.018,11.0,0.3,0.1,0.0,88.582,785.0,4.0,25,44.0,100.0,0.0,278.0,445.0,195.0,30.5,0.001,132.0,Gemini
46.0,Martensitic,0.21,12.6,0.5,0.3,0.0,86.39,1000.0,1.5,25,11.0,2.0,98.0,860.0,1120.0,200.0,10.2,0.005,487.0,Gemini
47.0,Ferritic,0.065,17.1,0.8,0.4,1.05,80.585,855.0,2.0,25,21.5,98.0,2.0,345.0,565.0,205.0,19.8,0.001,188.0,Gemini
48.0,Martensitic,0.125,11.85,0.4,0.2,0.0,87.425,955.0,1.0,25,13.2,10.0,90.0,605.0,805.0,200.0,15.2,0.01,370.0,Gemini
49.0,Ferritic,0.032,18.6,0.5,0.1,2.05,78.71799999999999,905.0,1.0,-25,28.5,100.0,0.0,355.0,580.0,203.0,20.0,0.001,172.0,Gemini
50.0,Martensitic,0.26,13.05,0.5,0.2,0.0,85.99,995.0,2.0,25,9.2,0.0,100.0,960.0,1220.0,208.0,9.0,0.001,505.0,Gemini
51.0,Ferritic,0.03,14.2,0.4,0.1,0.0,85.27,820.0,1.5,25,34.0,100.0,0.0,305.0,485.0,200.0,27.5,0.0001,158.0,Gemini
52.0,Martensitic,0.18,12.2,0.5,0.1,0.0,87.02,970.0,1.5,500,25.0,8.0,92.0,550.0,750.0,165.0,22.0,0.001,343.0,Gemini
53.0,Ferritic,0.12,15.6,0.6,0.3,0.5,82.88,840.0,2.0,25,26.5,100.0,0.0,322.0,532.0,202.0,22.8,0.001,166.0,Gemini
54.0,Martensitic,0.285,13.2,0.6,0.2,0.1,85.61500000000001,1010.0,1.0,25,7.2,0.0,100.0,1060.0,1360.0,209.0,7.2,0.001,514.0,Gemini
55.0,Ferritic,0.02,12.0,0.3,0.1,0.0,87.58,790.0,3.0,25,40.5,100.0,0.0,292.0,465.0,198.0,26.8,0.002,142.0,Gemini
56.0,Martensitic,0.165,12.1,0.5,0.2,0.0,87.035,980.0,1.0,25,20.0,6.0,94.0,770.0,970.0,206.0,12.8,0.001,469.0,Gemini
57.0,Ferritic,0.075,17.6,0.9,0.5,1.25,79.675,860.0,2.0,25,20.5,97.0,3.0,365.0,585.0,204.0,18.8,0.001,192.0,Gemini
58.0,Martensitic,0.135,11.9,0.4,0.2,0.0,87.365,950.0,1.5,25,14.0,12.0,88.0,625.0,825.0,201.0,15.8,0.001,388.0,Gemini
59.0,Ferritic,0.038,18.0,0.5,0.1,1.85,79.512,890.0,1.5,25,30.5,100.0,0.0,462.5,555.0,203.0,23.5,0.001,178.0,Gemini
60.0,Martensitic,0.225,12.8,0.5,0.3,0.0,86.175,1000.0,1.5,25,10.0,3.0,97.0,910.0,1160.0,207.0,10.8,0.005,496.0,Gemini
61.0,Ferritic,0.02,13.5,0.4,0.1,0.0,85.98,810.0,2.5,25,36.0,100.0,0.0,308.0,492.0,200.0,24.8,0.001,152.0,Gemini
62.0,Martensitic,0.195,12.3,0.5,0.2,0.0,86.805,975.0,1.0,25,12.0,5.0,95.0,790.0,990.0,205.0,13.8,0.001,442.0,Gemini
63.0,Ferritic,0.05,16.0,0.7,0.2,0.0,83.05,835.0,2.0,25,28.5,99.0,1.0,335.0,545.0,202.0,20.8,0.001,172.0,Gemini
64.0,Martensitic,0.305,13.3,0.6,0.2,0.1,85.495,910.0,1.0,25,7.5,0.0,100.0,1110.0,1410.0,210.0,6.2,0.001,532.0,Gemini
65.0,Ferritic,0.02,11.2,0.3,0.1,0.0,88.38,790.0,3.5,25,42.5,100.0,0.0,288.0,458.0,199.0,28.8,0.001,343.0,Gemini
66.0,Martensitic,0.175,12.1,0.5,0.2,0.0,87.025,985.0,1.0,25,11.5,7.0,93.0,710.0,930.0,206.0,12.2,0.001,478.0,Gemini
67.0,Ferritic,0.085,17.8,0.9,0.5,1.15,79.565,870.0,2.0,25,19.5,96.0,4.0,375.0,605.0,205.0,17.8,0.001,198.0,Gemini
68.0,Martensitic,0.145,12.0,0.4,0.2,0.0,87.255,960.0,1.5,25,13.0,11.0,89.0,645.0,845.0,202.0,15.2,0.001,397.0,Gemini
69.0,Ferritic,0.03,19.0,0.5,0.1,1.95,78.42,910.0,1.0,25,32.5,100.0,0.0,345.0,560.0,203.0,23.5,0.001,180.0,Gemini
70.0,Martensitic,0.245,12.9,0.5,0.3,0.0,86.055,1000.0,1.5,25,10.0,2.0,98.0,890.0,1130.0,208.0,10.2,0.01,487.0,Gemini
