ID,Alloy_Type,C_wt%,Cr_wt%,Mn_wt%,Ni_wt%,Mo_wt%,Fe_wt%,Heat_Treat_Temp_C,Heat_Treat_Time_h,Test_Temp_C,Grain_Size_um,Phase_Ferrite_Vol%,Phase_Martensite_Vol%,Yield_Strength_MPa,UTS_MPa,Elastic_Modulus_GPa,Elongation_%,Hardness_Value,Hardness_Scale,Strain_Rate_s-1
1,Ferritic,0.02,11.5,0.4,0.1,0.0,Balance,800,2.0,25,25.0,100,0,280,450,200,25.0,145,HB,0.001
2,Martensitic,0.15,12.0,0.5,0.2,0.0,Balance,980,1.0,25,10.0,5,95,750,950,205,12.0,45,HRC,0.001
3,Ferritic,0.05,16.2,0.45,0.15,0.0,Balance,830,,25,30.0,100,0,310,520,200,22.0,160,HB,0.0005
4,Martensitic,0.32,13.5,0.6,,0.1,Balance,1020,0.5,25,8.0,0,100,1100,1450,210,8.0,52,HRC,0.001
5,Ferritic,0.015,10.8,0.3,0.1,0.0,Balance,780,4.0,25,45.0,100,0,,400,195,30.0,130,HB,0.001
6,Martensitic,0.20,12.5,0.5,0.3,,Balance,1000,1.5,25,12.0,2,98,850,1100,200000,10.0,48,HRC,0.005
7,Ferritic,0.06,17.0,0.8,0.4,1.0,Balance,850,2.0,25,22.0,98,2,340,560,205,20.0,,HB,0.001
8,Martensitic,0.12,11.8,0.4,0.2,0.0,Balance,,1.0,25,,10,90,600,800,200,15.0,35,HRC,0.01
9,Ferritic,,18.5,0.5,0.1,2.0,Balance,900,1.0,100,28.0,100,0,290,500,190,24.0,170,HB,0.001
10,Martensitic,0.25,13.0,0.5,0.2,0.0,Balance,990,2.0,25,9.0,0,100,950,1200,208,,50,HRC,0.001
11,Ferritic,0.03,14.0,0.4,0.1,,Balance,820,3.0,25,35.0,100,0,300,480,200,28.0,155,HB,0.0001
12,Martensitic,0.18,12.2,0.5,0.1,0.0,Balance,970,1.5,300,-5.0,8,92,650,850,180,18.0,40,HRC,0.001
13,Ferritic,0.04,15.5,0.6,0.3,0.5,Balance,840,2.0,25,26.0,100,0,320,530,202,23.0,165,HB,
14,Martensitic,0.28,13.2,,0.2,0.1,Balance,1010,1.0,25,7.0,0,100,1050,1350,209,7.0,51,HRC,0.001
15,Ferritic,0.02,12.0,0.3,0.1,0.0,Balance,790,3.0,25,40.0,100,,290,460,198,27.0,140,HB,0.002
16,Martensitic,0.16,12.1,0.5,0.2,0.0,Balance,980,1.0,25,11.0,6,94,,900,206,13.0,46,HRC,0.001
17,Ferritic,0.07,17.5,0.9,0.5,1.2,Balance,860,2.0,25,20.0,97,3,360,580,204,19.0,190,HB,0.001
18,Martensitic,0.13,11.9,0.4,0.2,0.0,Balance,950,,25,14.0,12,88,620,820,201,16.0,,HRC,0.001
19,Ferritic,0.035,18.0,0.5,0.1,1.8,Balance,890,1.5,200,30.0,100,0,260,450,185,26.0,160,HB,0.001
20,Martensitic,0.22,12.8,0.5,0.3,0.0,Balance,1000,1.5,25,10.0,3,97,900,1150,207,11.0,49,HRC,0.005
21,Ferritic,,13.5,0.4,0.1,0.0,Balance,810,2.5,25,,100,0,305,490,200,25.0,150,HB,0.001
22,Martensitic,0.19,12.3,0.5,0.2,0.0,Balance,975,1.0,25,12.0,5,95,780,980,205,14.0,43,HRC,
23,Ferritic,0.05,16.0,0.7,,0.0,Balance,835,2.0,25,28.0,99,1,330,540,202,21.0,170,HB,0.001
24,Martensitic,0.30,13.3,0.6,0.2,0.1,Balance,1015,1.0,25,7.5,0,100,-1100,1400,210,6.0,53,HRC,0.001
25,Ferritic,0.02,11.2,0.3,0.1,0.0,Balance,790,3.5,25,42.0,,0,285,455,199,29.0,135,HB,0.001
26,Martensitic,0.17,12.1,0.5,0.2,0.0,Balance,985,1.0,25,11.5,7,93,700,920,206,12.5,47,HRC,0.001
27,Ferritic,0.08,17.8,0.9,0.5,1.1,Balance,870,,25,19.0,96,4,370,600,205,18.0,195,HB,0.001
28,Martensitic,0.14,12.0,0.4,0.2,0.0,Balance,960,1.5,25,13.0,11,89,640,840,202,15.5,38,HRC,0.001
29,Ferritic,0.03,19.0,0.5,0.1,1.9,Balance,910,1.0,400,32.0,100,0,240,400,175,28.0,150,HB,0.001
30,Martensitic,,12.9,0.5,0.3,0.0,Balance,1000,1.5,25,10.0,2,98,880,1120,208,10.5,48,HRC,0.01
31,Ferritic,0.03,14.5,0.4,0.1,0.0,Balance,820,2.5,25,33.0,100,0,315,500,200,24.0,160,HB,0.001
32,Martensitic,0.20,12.4,0.5,0.2,0.0,Balance,980,1.0,25,,4,96,820,1050,205,11.5,45,HRC,0.002
33,Ferritic,0.045,15.8,0.6,0.3,0.4,Balance,840,2.0,25,27.0,100,0,325,535,202,22.0,168,,0.001
34,Martensitic,0.27,13.1,0.6,0.2,0.1,Balance,1010,1.0,25,7.0,0,100,1000,1300,209,7.5,50,HRC,0.001
35,Ferritic,0.02,11.8,0.3,0.1,0.0,Balance,800,3.0,25,38.0,100,0,295,470,198,26.0,145,HB,0.001
36,Martensitic,0.16,12.2,,0.2,0.0,Balance,980,1.0,25,10.5,6,94,760,960,206,12.0,46,HRC,0.001
37,Ferritic,0.07,17.2,0.8,0.5,1.0,Balance,,2.0,25,21.0,97,3,350,570,204,19.5,185,HB,0.001
38,Martensitic,0.13,12.0,0.4,0.2,0.0,Balance,950,1.5,25,13.5,12,,610,810,201,16.0,36,HRC,0.001
39,Ferritic,0.04,18.2,0.5,0.1,1.5,Balance,900,1.0,25,29.0,100,0,340,550,203,23.0,175,HB,0.001
40,Martensitic,0.23,12.7,0.5,0.3,0.0,Balance,1000,1.5,25,9.5,3,97,920,1180,,10.0,49,HRC,0.005
41,Ferritic,0.02,11.6,0.4,0.1,0.0,Balance,805,2.0,25,41.0,100,0,282,455,200,29.5,138,HB,0.001
42,Martensitic,,12.0,0.5,0.2,0.0,Balance,980,1.0,25,10.2,5,95,740,940,205,12.2,44,HRC,0.001
43,Ferritic,0.05,16.5,0.5,0.2,0.0,Balance,830,2.5,25,29.0,100,0,312,525,200,21.5,162,HB,0.0005
44,Martensitic,0.31,13.4,0.6,0.2,0.1,Balance,1020,0.5,25,7.8,0,100,1080,1420,210,8.2,52,HRC,0.001
45,Ferritic,0.018,11.0,0.3,0.1,0.0,Balance,785,4.0,25,44.0,100,0,278,445,195,30.5,132,HB,0.001
46,Martensitic,0.21,12.6,0.5,0.3,0.0,Balance,1000,1.5,25,11.0,2,98,860,1120,200,10.2,48,HRC,0.005
47,Ferritic,0.065,17.1,0.8,0.4,1.05,Balance,855,2.0,25,21.5,98,2,345,565,205,19.8,188,HB,
48,Martensitic,0.125,11.85,0.4,0.2,0.0,Balance,955,1.0,25,13.2,10,90,605,805,200,15.2,35,HRC,0.01
49,Ferritic,0.032,18.6,0.5,0.1,2.05,Balance,905,1.0,-25,28.5,100,0,355,580,203,20.0,172,HB,0.001
50,Martensitic,0.26,13.05,0.5,0.2,0.0,Balance,995,2.0,25,9.2,0,100,960,1220,208,9.0,50,HRC,0.001
51,Ferritic,0.03,14.2,0.4,0.1,0.0,Balance,820,,25,34.0,100,0,305,485,200,27.5,158,HB,0.0001
52,Martensitic,0.18,12.2,0.5,0.1,0.0,Balance,970,1.5,500,25.0,8,92,550,750,165,22.0,32,HRC,0.001
53,Ferritic,,15.6,0.6,0.3,0.5,Balance,840,2.0,25,26.5,100,0,322,532,202,22.8,166,HB,0.001
54,Martensitic,0.285,13.2,0.6,0.2,0.1,Balance,1010,1.0,25,7.2,0,100,1060,1360,209,7.2,51,HRC,0.001
55,Ferritic,0.02,12.0,0.3,0.1,0.0,Balance,790,3.0,25,40.5,100,0,292,465,198,26.8,142,HB,0.002
56,Martensitic,0.165,12.1,0.5,0.2,0.0,Balance,980,1.0,25,,6,94,770,970,206,12.8,46,HRC,0.001
57,Ferritic,0.075,17.6,0.9,0.5,1.25,Balance,860,2.0,25,20.5,97,3,365,585,204,18.8,192,HB,0.001
58,Martensitic,0.135,11.9,0.4,0.2,0.0,Balance,950,1.5,25,14.0,12,88,625,825,201,15.8,37,HRC,0.001
59,Ferritic,0.038,18.0,0.5,0.1,1.85,Balance,890,1.5,25,30.5,100,0,,555,203,23.5,178,HB,0.001
60,Martensitic,0.225,12.8,0.5,0.3,0.0,Balance,1000,1.5,25,10.0,3,97,910,1160,207,10.8,49,HRC,0.005
61,Ferritic,0.02,13.5,0.4,0.1,0.0,Balance,810,2.5,25,36.0,100,0,308,492,200,24.8,152,HB,0.001
62,Martensitic,0.195,12.3,0.5,,0.0,Balance,975,1.0,25,12.0,5,95,790,990,205,13.8,43,HRC,0.001
63,Ferritic,0.05,16.0,0.7,0.2,0.0,Balance,835,2.0,25,28.5,99,1,335,545,202,20.8,172,HB,0.001
64,Martensitic,0.305,13.3,0.6,0.2,0.1,Balance,,1.0,25,7.5,0,100,1110,1410,210,6.2,53,HRC,0.001
65,Ferritic,0.02,11.2,0.3,0.1,0.0,Balance,790,3.5,25,42.5,100,0,288,458,199,28.8,,HB,0.001
66,Martensitic,0.175,12.1,0.5,0.2,0.0,Balance,985,1.0,25,11.5,7,93,710,930,206,12.2,47,HRC,0.001
67,Ferritic,0.085,17.8,0.9,0.5,1.15,Balance,870,2.0,25,19.5,96,4,375,605,205000,17.8,198,HB,0.001
68,Martensitic,0.145,12.0,0.4,0.2,0.0,Balance,960,1.5,25,13.0,11,89,645,845,202,15.2,38,HRC,0.001
69,Ferritic,0.03,19.0,0.5,0.1,1.95,Balance,910,1.0,25,32.5,100,0,345,560,203,23.5,180,HB,
70,Martensitic,0.245,12.9,0.5,0.3,0.0,Balance,1000,1.5,25,10.0,2,98,890,1130,208,10.2,48,HRC,0.01