ID,Steel_Class,Fe_wt%,Cr_wt%,C_wt%,Mn_wt%,Ni_wt%,Mo_wt%,Si_wt%,Heat_Treatment,Anneal_Temp_C,Anneal_Time_h,Test_Temp_C,Grain_Size_um,Phases_VolFrac,Yield_Strength_MPa,Elastic_Modulus_GPa,UTS_MPa,Hardness,Hardness_Scale,Elongation_pct,Strain_Rate_s-1
1,Ferritic,82.5,17.2,0.02,0.45,0.3,0.1,0.6,Annealed,780,2,25,45,Ferrite:95;Carbides:5,320,200,470,170,HV,22,0.001
2,Ferritic,81.9,18.0,0.03,0.60,0.2,,0.5,Annealed,800,1.5,25,38,Ferrite:92;Carbides:8,340,198,490,175,HV,20,0.001
3,Ferritic,83.1,16.5,0.01,0.30,0.1,0.05,0.4,Annealed,760,3,25,52,Ferrite:97;Carbides:3,300,205,450,165,HV,24,0.0005
4,Ferritic,82.0,17.8,0.02,0.55,0.4,0.2,0.7,Annealed,790,2.5,100,48,Ferrite:94;Carbides:6,315,202,465,168,HV,21,0.001
5,Ferritic,81.4,18.4,0.04,0.70,0.2,0.15,0.6,Annealed,820,1,25,35,Ferrite:90;Carbides:10,360,197,510,180,HV,18,0.01
6,Ferritic,82.8,16.9,0.02,0.40,0.1,,0.5,Annealed,770,2,25,60,Ferrite:98;Carbides:2,290,210000,430,160,HV,26,0.0001
7,Ferritic,83.0,16.7,-0.01,0.35,0.2,0.05,0.4,Annealed,750,3,25,55,Ferrite:96;Carbides:4,280,203,420,158,HV,25,0.001
8,Ferritic,82.2,17.5,0.02,0.50,0.3,0.1,0.6,Annealed,780,,25,42,Ferrite:93;Carbides:7,325,199,475,172,HV,23,0.001
9,Ferritic,81.7,18.1,0.03,0.65,0.2,0.12,0.7,Annealed,810,1.5,200,40,Ferrite:91;Carbides:9,350,196,500,178,HV,19,0.01
10,Ferritic,82.9,16.8,0.01,0.30,0.1,,0.3,Annealed,760,2,25,-20,Ferrite:99;Carbides:1,295,204,435,162,HV,27,0.0005
11,Martensitic,78.5,12.5,0.28,0.60,0.4,0.3,0.5,Quenched+Tempered,1050,1,25,18,Martensite:90;Carbides:10,820,205,1050,48,HRC,12,0.001
12,Martensitic,77.9,13.2,0.35,0.75,0.5,0.4,0.6,Quenched+Tempered,1020,1.5,25,15,Martensite:88;Carbides:12,880,200,1120,50,HRC,10,0.001
13,Martensitic,79.2,12.0,0.22,0.55,0.3,0.2,0.4,Quenched+Tempered,1040,2,25,22,Martensite:92;Carbides:8,760,210,980,46,HRC,14,0.0005
14,Martensitic,78.0,13.5,0.40,0.80,0.6,0.5,0.7,Quenched+Tempered,1000,1,25,12,Martensite:85;Carbides:15,920,198,1180,52,HRC,8,0.01
15,Martensitic,79.0,12.8,0.30,0.65,0.4,,0.5,Quenched+Tempered,1030,1.5,100,20,Martensite:90;Carbides:10,800,202,1020,47,HRC,11,0.001
16,Martensitic,78.8,12.6,0.26,0.60,0.3,0.25,0.4,Quenched+Tempered,1060,2,25,25,Martensite:93;Carbides:7,740,206,960,45,HRC,15,0.0005
17,Martensitic,77.5,13.8,0.42,0.90,0.7,0.6,0.8,Quenched+Tempered,980,1,25,10,Martensite:82;Carbides:18,980,195,1250,54,HRC,6,0.01
18,Martensitic,78.2,13.1,0.33,0.70,0.5,0.35,0.6,Quenched+Tempered,1010,,25,16,Martensite:89;Carbides:11,860,201,1090,49,HRC,9,0.001
19,Martensitic,79.4,11.9,0.20,0.50,0.2,0.15,0.3,Quenched+Tempered,1070,2,25,28,Martensite:95;Carbides:5,700,208,900,42,HRC,18,0.0001
20,Martensitic,78.6,12.9,0.29,0.65,0.4,0.3,0.5,Quenched+Tempered,1040,1.5,-50,21,Martensite:91;Carbides:9,790,203,1010,46,HRC,-5,0.001
21,Ferritic,82.3,17.4,0.02,0.48,0.3,0.1,0.5,Annealed,790,2,25,46,Ferrite:94;Carbides:6,318,201,468,169,HV,22,0.001
22,Ferritic,81.6,18.2,0.03,0.62,0.2,0.14,0.6,Annealed,815,1.5,25,39,Ferrite:91;Carbides:9,345,197,495,176,HV,19,0.01
23,Ferritic,83.0,16.6,0.01,0.28,0.1,,0.4,Annealed,755,3,25,58,Ferrite:98;Carbides:2,285,204,425,160,HV,26,0.0005
24,Ferritic,82.1,17.7,0.02,0.52,0.3,0.1,0.6,Annealed,785,2.5,150,44,Ferrite:93;Carbides:7,322,199,472,171,HV,21,0.001
25,Ferritic,81.8,18.0,0.04,0.68,0.2,0.16,0.7,Annealed,825,1,25,34,Ferrite:90;Carbides:10,365,196,515,182,HV,17,0.01
26,Martensitic,78.9,12.7,0.27,0.62,0.4,0.28,0.5,Quenched+Tempered,1050,1.5,25,19,Martensite:90;Carbides:10,810,204,1040,48,HRC,13,0.001
27,Martensitic,77.8,13.4,0.38,0.78,0.6,0.45,0.7,Quenched+Tempered,995,1,25,14,Martensite:86;Carbides:14,900,198,1160,51,HRC,9,0.01
28,Martensitic,79.1,12.3,0.24,0.58,0.3,0.2,0.4,Quenched+Tempered,1060,2,25,26,Martensite:94;Carbides:6,730,207,940,44,HRC,16,0.0005
29,Martensitic,78.4,13.0,0.31,0.68,0.5,0.32,0.6,Quenched+Tempered,1025,1.5,200,17,Martensite:89;Carbides:11,845,202,1080,49,HRC,10,0.001
30,Martensitic,79.3,11.8,0.21,0.48,0.2,0.12,0.3,Quenched+Tempered,1080,2,25,30,Martensite:96;Carbides:4,690,209,890,41,HRC,19,0.0001
31,Ferritic,82.6,17.1,0.02,0.44,0.3,0.1,0.5,Annealed,775,2,25,47,Ferrite:95;Carbides:5,310,202,460,168,HV,23,0.001
32,Ferritic,81.5,18.3,0.03,0.66,0.2,0.15,0.6,Annealed,820,1.5,25,37,Ferrite:92;Carbides:8,335,198,485,174,HV,20,0.01
33,Ferritic,83.2,16.4,0.01,0.26,0.1,,0.4,Annealed,750,3,25,62,Ferrite:99;Carbides:1,275,205,415,158,HV,27,0.0005
34,Ferritic,82.0,17.9,0.02,0.54,0.3,0.1,0.6,Annealed,790,2.5,100,43,Ferrite:94;Carbides:6,320,200,470,170,HV,22,0.001
35,Ferritic,81.9,18.1,0.04,0.72,0.2,0.18,0.7,Annealed,830,1,25,33,Ferrite:89;Carbides:11,370,195,520,185,HV,16,0.01
36,Martensitic,78.7,12.8,0.29,0.64,0.4,0.3,0.5,Quenched+Tempered,1045,1.5,25,20,Martensite:90;Carbides:10,805,203,1035,48,HRC,12,0.001
37,Martensitic,77.6,13.7,0.41,0.82,0.6,0.55,0.8,Quenched+Tempered,990,1,25,11,Martensite:84;Carbides:16,950,197,1220,53,HRC,7,0.01
38,Martensitic,79.0,12.4,0.25,0.59,0.3,0.22,0.4,Quenched+Tempered,1070,2,25,27,Martensite:94;Carbides:6,720,208,930,44,HRC,17,0.0005
39,Martensitic,78.3,13.1,0.34,0.71,0.5,0.36,0.6,Quenched+Tempered,1015,1.5,150,16,Martensite:88;Carbides:12,855,201,1095,49,HRC,9,0.001
40,Martensitic,79.5,11.7,0.19,0.46,0.2,0.1,0.3,Quenched+Tempered,1090,2,25,32,Martensite:97;Carbides:3,680,210,880,40,HRC,20,0.0001
41,Ferritic,82.4,17.3,0.02,0.47,0.3,0.1,0.5,Annealed,780,2,25,46,Ferrite:95;Carbides:5,315,201,465,169,HV,22,0.001
42,Ferritic,81.6,18.2,0.03,0.64,0.2,0.14,0.6,Annealed,815,1.5,25,38,Ferrite:91;Carbides:9,340,197,490,176,HV,19,0.01
43,Ferritic,83.1,16.5,0.01,0.27,0.1,,0.4,Annealed,755,3,25,59,Ferrite:98;Carbides:2,280,204,420,159,HV,26,0.0005
44,Ferritic,82.1,17.8,0.02,0.53,0.3,0.1,0.6,Annealed,790,2.5,100,44,Ferrite:94;Carbides:6,318,200,468,170,HV,21,0.001
45,Ferritic,81.8,18.0,0.04,0.70,0.2,0.17,0.7,Annealed,825,1,25,34,Ferrite:90;Carbides:10,368,196,518,183,HV,17,0.01
46,Martensitic,78.8,12.7,0.28,0.63,0.4,0.29,0.5,Quenched+Tempered,1050,1.5,25,19,Martensite:90;Carbides:10,810,204,1045,48,HRC,12,0.001
47,Martensitic,77.7,13.6,0.39,0.80,0.6,0.5,0.8,Quenched+Tempered,995,1,25,13,Martensite:85;Carbides:15,930,198,1190,52,HRC,8,0.01
48,Martensitic,79.1,12.2,0.23,0.57,0.3,0.21,0.4,Quenched+Tempered,1075,2,25,28,Martensite:95;Carbides:5,710,208,925,43,HRC,17,0.0005
49,Martensitic,78.5,13.0,0.32,0.69,0.5,0.34,0.6,Quenched+Tempered,1020,1.5,200,17,Martensite:89;Carbides:11,850,201,1100,49,HRC,9,0.001
50,Martensitic,79.6,11.6,0.18,0.45,0.2,0.1,0.3,Quenched+Tempered,1100,2,25,33,Martensite:97;Carbides:3,670,211,870,39,HRC,21,0.0001
51,Ferritic,82.7,17.0,0.02,0.46,0.3,0.1,0.5,Annealed,780,2,25,45,Ferrite:95;Carbides:5,318,201,468,169,HV,22,0.001
52,Ferritic,81.5,18.4,0.03,0.67,0.2,0.15,0.6,Annealed,820,1.5,25,36,Ferrite:91;Carbides:9,342,197,492,176,HV,19,0.01
53,Ferritic,83.0,16.6,0.01,0.25,0.1,,0.4,Annealed,750,3,25,61,Ferrite:99;Carbides:1,278,205,418,158,HV,27,0.0005
54,Ferritic,82.2,17.7,0.02,0.51,0.3,0.1,0.6,Annealed,790,2.5,100,43,Ferrite:94;Carbides:6,320,200,470,170,HV,21,0.001
55,Ferritic,81.9,18.1,0.04,0.71,0.2,0.18,0.7,Annealed,830,1,25,33,Ferrite:89;Carbides:11,372,195,522,186,HV,16,0.01
56,Martensitic,78.9,12.6,0.27,0.61,0.4,0.28,0.5,Quenched+Tempered,1050,1.5,25,20,Martensite:90;Carbides:10,808,203,1040,48,HRC,12,0.001
57,Martensitic,77.6,13.8,0.42,0.83,0.6,0.58,0.8,Quenched+Tempered,990,1,25,11,Martensite:83;Carbides:17,960,196,1230,53,HRC,7,0.01
58,Martensitic,79.2,12.1,0.22,0.56,0.3,0.2,0.4,Quenched+Tempered,1080,2,25,29,Martensite:95;Carbides:5,705,209,920,43,HRC,18,0.0005
59,Martensitic,78.4,13.2,0.35,0.72,0.5,0.38,0.6,Quenched+Tempered,1010,1.5,150,15,Martensite:87;Carbides:13,865,201,1110,50,HRC,9,0.001
60,Martensitic,79.7,11.5,0.17,0.44,0.2,0.1,0.3,Quenched+Tempered,1110,2,25,34,Martensite:98;Carbides:2,660,212,860,38,HRC,22,0.0001
61,Ferritic,82.5,17.2,0.02,0.45,0.3,0.1,0.6,Annealed,780,2,25,45,Ferrite:95;Carbides:5,320,200,470,170,HV,22,0.001
62,Ferritic,81.9,18.0,0.03,0.60,0.2,,0.5,Annealed,800,1.5,25,38,Ferrite:92;Carbides:8,340,198,490,175,HV,20,0.001
63,Ferritic,83.1,16.5,0.01,0.30,0.1,0.05,0.4,Annealed,760,3,25,52,Ferrite:97;Carbides:3,300,205,450,165,HV,24,0.0005
64,Ferritic,82.0,17.8,0.02,0.55,0.4,0.2,0.7,Annealed,790,2.5,100,48,Ferrite:94;Carbides:6,315,202,465,168,HV,21,0.001
65,Ferritic,81.4,18.4,0.04,0.70,0.2,0.15,0.6,Annealed,820,1,25,35,Ferrite:90;Carbides:10,360,197,510,180,HV,18,0.01
66,Martensitic,78.5,12.5,0.28,0.60,0.4,0.3,0.5,Quenched+Tempered,1050,1,25,18,Martensite:90;Carbides:10,820,205,1050,48,HRC,12,0.001
67,Martensitic,77.9,13.2,0.35,0.75,0.5,0.4,0.6,Quenched+Tempered,1020,1.5,25,15,Martensite:88;Carbides:12,880,200,1120,50,HRC,10,0.001
68,Martensitic,79.2,12.0,0.22,0.55,0.3,0.2,0.4,Quenched+Tempered,1040,2,25,22,Martensite:92;Carbides:8,760,210,980,46,HRC,14,0.0005
69,Martensitic,78.0,13.5,0.40,0.80,0.6,0.5,0.7,Quenched+Tempered,1000,1,25,12,Martensite:85;Carbides:15,920,198,1180,52,HRC,8,0.01
70,Martensitic,79.0,12.8,0.30,0.65,0.4,,0.5,Quenched+Tempered,1030,1.5,100,20,Martensite:90;Carbides:10,800,202,1020,47,HRC,11,0.001
